<?xml version="1.0" encoding="UTF-8"?>
<root>
  <item name="com.appolica.flubber.AnimationBody int getRepeatMode()">
    <annotation name="androidx.annotation.IntDef">
      <val name="value" val="{android.animation.ValueAnimator.RESTART, android.animation.ValueAnimator.REVERSE}" />
    </annotation>
  </item>
  <item name="com.appolica.flubber.AnimationBody void setRepeatMode(int) 0">
    <annotation name="androidx.annotation.IntDef">
      <val name="value" val="{android.animation.ValueAnimator.RESTART, android.animation.ValueAnimator.REVERSE}" />
    </annotation>
  </item>
  <item name="com.appolica.flubber.AnimationBody.Builder com.appolica.flubber.AnimationBody.Builder repeatMode(int) 0">
    <annotation name="androidx.annotation.IntDef">
      <val name="value" val="{android.animation.ValueAnimator.RESTART, android.animation.ValueAnimator.REVERSE}" />
    </annotation>
  </item>
</root>

